id,nombre,apellido,email,genero,fecha_nacimiento,jubilado,ciudad
1,Valina,Bowness,vbowness0@ox.ac.uk,Female,18-11-1987,false,Loma Bonita
2,Darcee,Rodrigo,drodrigo1@newyorker.com,Female,09-04-1990,false,Otoka
3,Daloris,Gwilt,dgwilt2@google.com.br,Female,27-11-2011,true,Dongchong
4,Nevil,Grundon,ngrundon3@soundcloud.com,Male,03-10-1996,false,Jarash
5,Gena,Wilsdon,gwilsdon4@washington.edu,Female,22-10-2010,false,Bāniyās
6,Kennan,Tonkinson,ktonkinson5@engadget.com,Male,23-04-2006,true,Yihe
7,Ardyce,MacAlister,amacalister6@trellian.com,Female,29-12-2001,false,Luhyny
8,Balduin,McPaike,bmcpaike7@google.ru,Male,28-11-2021,false,Bireun
9,Pru,Dominka,pdominka8@comcast.net,Female,14-09-2013,false,Purworejo
10,Annette,Rucklesse,arucklesse9@columbia.edu,Female,03-10-1994,false,Byala Slatina
11,Izak,Dury,idurya@trellian.com,Male,10-09-1985,false,Pimentel
12,Retha,Bunting,rbuntingb@topsy.com,Female,15-04-2001,true,Corpus Christi
13,Che,Rayworth,crayworthc@123-reg.co.uk,Male,12-04-1987,false,San José de Cusmapa
14,Elnora,Delia,edeliad@hp.com,Female,30-04-1993,true,Mobara
15,Eda,Dewdeny,edewdenye@princeton.edu,Genderfluid,22-08-2009,true,Pato-o
16,Erich,Joul,ejoulf@nifty.com,Genderfluid,11-05-2008,false,Kropotkin
17,Alonso,Aherne,aaherneg@eepurl.com,Male,06-08-2010,false,Imatra
18,Roz,Shakesby,rshakesbyh@noaa.gov,Female,27-02-1981,false,Las Yaras
19,Emelen,Janning,ejanningi@sitemeter.com,Male,09-04-2018,true,Bāfq
20,Phyllida,Brain,pbrainj@flavors.me,Female,07-10-1992,true,Aţ Ţawāḩīn
21,Jarvis,Hoonahan,jhoonahank@sciencedaily.com,Male,03-10-1992,false,Pasiripis
22,Alexine,Yendall,ayendalll@google.it,Female,22-01-2002,true,Västervik
23,Raymund,Fake,rfakem@1688.com,Male,20-04-1992,true,Whitwell
24,Eduino,Wraggs,ewraggsn@gnu.org,Genderfluid,20-08-2019,true,Calvário
25,Donalt,Olphert,dolpherto@ft.com,Male,19-10-1994,false,Tahara
26,Gaultiero,Joscelyne,gjoscelynep@telegraph.co.uk,Male,21-10-1980,false,Lannion
27,Viviana,Ollcott,vollcottq@creativecommons.org,Female,12-02-1998,true,Kaum
28,Gay,Maplesden,gmaplesdenr@creativecommons.org,Non-binary,17-03-2005,false,Clermont-Ferrand
29,Tris,Ridett,tridetts@ca.gov,Male,26-08-1996,false,Matanzas
30,Flynn,Trorey,ftroreyt@vkontakte.ru,Male,18-01-1992,false,Vale de Santarém
31,Drusi,Dakhno,ddakhnou@chicagotribune.com,Female,11-12-2012,false,Haninge
32,Sheri,Letty,slettyv@usda.gov,Female,08-12-2004,false,Baniachang
33,Christophorus,Issard,cissardw@cnbc.com,Male,03-04-2002,false,Zürich
34,Irina,Sweedy,isweedyx@admin.ch,Female,01-08-2021,true,Kalian
35,Adolph,Yakobowitz,ayakobowitzy@boston.com,Agender,15-07-1983,true,Sandviken
36,Berty,Vanichkov,bvanichkovz@cam.ac.uk,Male,05-05-2014,false,Đắk Mâm
37,Stanfield,Huitt,shuitt10@diigo.com,Male,22-05-1981,true,Lebowakgomo
38,Weylin,Mainston,wmainston11@mail.ru,Male,01-03-2023,false,San Jose del Monte
39,Shellysheldon,Pedlow,spedlow12@patch.com,Male,23-04-2007,true,Brusartsi
40,Melania,Cuppitt,mcuppitt13@princeton.edu,Female,20-03-2007,true,Sirnasari
41,Dougie,Marjanovic,dmarjanovic14@tripod.com,Male,30-07-2008,false,General Galarza
42,Cornela,Dilleway,cdilleway15@yolasite.com,Female,09-12-1983,false,Menzel Bourguiba
43,Onfre,Penke,openke16@cam.ac.uk,Male,02-04-1997,true,Zengtian
44,Yvon,Fernan,yfernan17@omniture.com,Male,18-10-2009,true,Ruo
45,Somerset,Skillington,sskillington18@ycombinator.com,Male,08-09-1981,false,Khallat Ḩamāmah
46,Kat,Nockalls,knockalls19@nydailynews.com,Female,12-07-1982,true,Morcolla
47,Mellisa,Gutherson,mgutherson1a@nih.gov,Polygender,28-12-2011,false,Abreu e Lima
48,Willow,Pendrid,wpendrid1b@tripadvisor.com,Female,11-12-2001,true,Tazhuang
49,Ludvig,Trail,ltrail1c@cam.ac.uk,Male,18-09-2013,false,Tanda
50,Moyna,Bowdon,mbowdon1d@indiatimes.com,Female,18-11-2022,false,Las Vegas
51,Bondy,Suttling,bsuttling1e@example.com,Male,31-12-1982,false,Pagersari
52,Wilbur,Godspede,wgodspede1f@multiply.com,Male,22-10-2023,true,Estância
53,Durward,Ivimy,divimy1g@desdev.cn,Male,10-09-1994,true,Emiliano Zapata
54,Ruby,Burbage,rburbage1h@wsj.com,Female,17-03-1982,true,Guicheng
55,Stanleigh,Fossitt,sfossitt1i@gov.uk,Male,02-08-2009,false,Maputo
56,Zea,Hedger,zhedger1j@seesaa.net,Female,03-06-1980,true,Jingzhu
57,Vivi,Carlisi,vcarlisi1k@artisteer.com,Female,13-05-1990,true,Los Algarrobos
58,Retha,Bernlin,rbernlin1l@pinterest.com,Female,01-11-1994,true,Singapore
59,Bobbie,Poate,bpoate1m@utexas.edu,Polygender,24-08-1982,false,Emalgolin Mongolzuxiang
60,Cam,Milvarnie,cmilvarnie1n@narod.ru,Female,06-08-1988,false,Pale
61,Alli,Izakov,aizakov1o@godaddy.com,Female,28-01-1999,false,La Mesa
62,Rockie,Guiso,rguiso1p@smugmug.com,Male,07-03-2008,false,Dongxiang
63,Tallulah,Riccardini,triccardini1q@hc360.com,Female,18-11-2001,true,Ludvika
64,Florie,Belin,fbelin1r@kickstarter.com,Female,17-02-2015,true,Los Angeles
65,Trefor,Witter,twitter1s@virginia.edu,Male,13-07-2018,false,Santa Luċija
66,Tyne,Ferraretto,tferraretto1t@clickbank.net,Female,30-05-2001,false,Magbay
67,Michel,Bilsford,mbilsford1u@myspace.com,Female,04-07-1995,false,Kolbudy
68,Edward,Vaisey,evaisey1v@reference.com,Polygender,28-10-2020,true,Novomoskovs’k
69,Sosanna,De Castri,sdecastri1w@ameblo.jp,Female,26-04-2021,true,Utkivka
70,Yul,Packer,ypacker1x@simplemachines.org,Male,28-04-2023,true,Enskede
71,Natale,Giggie,ngiggie1y@ucoz.com,Male,12-06-1991,false,Lanigan
72,Holden,Candlish,hcandlish1z@printfriendly.com,Male,20-02-2007,false,Pasar Kulon
73,Riannon,Coode,rcoode20@live.com,Female,25-07-1996,true,Jiangkou
74,Maynard,Daile,mdaile21@dmoz.org,Male,03-06-2018,false,Doña Remedios Trinidad
75,Hughie,Mersh,hmersh22@ovh.net,Male,27-06-2021,true,Montgomery
76,Noam,Ghiron,nghiron23@freewebs.com,Male,05-10-2015,true,Chengdong
77,Shelly,von Grollmann,svongrollmann24@icq.com,Female,28-09-1990,false,Changmao
78,Marjy,Tuxell,mtuxell25@dedecms.com,Female,24-12-2005,false,Itacoatiara
79,Paulina,Fishleigh,pfishleigh26@bing.com,Female,02-03-1999,true,Huntsville
80,Orren,Verling,overling27@goodreads.com,Male,19-03-2009,false,Benito Juarez
81,Bili,McTiernan,bmctiernan28@vinaora.com,Female,05-07-1991,false,Bry-sur-Marne
82,Mandie,Dobbin,mdobbin29@hud.gov,Female,26-01-1983,false,Nangkapayung
83,Mile,Lundbeck,mlundbeck2a@people.com.cn,Genderqueer,30-08-2022,false,Bhairab Bāzār
84,Michal,Stiant,mstiant2b@npr.org,Female,01-07-2023,true,Suban Jeriji
85,Kurt,Cawkill,kcawkill2c@about.me,Genderfluid,29-11-1983,true,Cabeças Verdes
86,Keelby,Offer,koffer2d@huffingtonpost.com,Male,06-06-1998,true,Kargowa
87,Kristo,Vasyunichev,kvasyunichev2e@freewebs.com,Male,31-07-2003,true,Memphis
88,Florentia,D'Antuoni,fdantuoni2f@washington.edu,Female,15-05-1982,false,Wulipu
89,Bethina,Utridge,butridge2g@dagondesign.com,Female,01-09-1991,false,Sanxi
90,Alonso,Coomes,acoomes2h@icq.com,Bigender,03-04-1981,false,Hecheng
91,Hanan,Hunting,hhunting2i@usa.gov,Male,18-10-2011,true,Bode Sadu
92,Jobey,Bater,jbater2j@washingtonpost.com,Female,16-01-2024,true,Sitabamba
93,Abbey,Spaduzza,aspaduzza2k@chicagotribune.com,Male,27-09-2001,false,Colima
94,Lyon,Preshous,lpreshous2l@nbcnews.com,Male,09-03-2002,true,Ukhta
95,Alika,Whild,awhild2m@china.com.cn,Female,14-08-2013,false,Marne-la-Vallée
96,Abra,Daenen,adaenen2n@ihg.com,Bigender,11-01-1993,true,Kuznechikha
97,Joshua,Dragge,jdragge2o@acquirethisname.com,Male,06-12-1984,true,Zbąszynek
98,Tamera,Bowmaker,tbowmaker2p@spotify.com,Female,25-05-2020,false,Longhuashan
99,Cindy,Dickons,cdickons2q@histats.com,Female,14-12-2006,true,Ricardo Flores Magon
100,Happy,Mathelin,hmathelin2r@salon.com,Female,30-04-1994,true,Hongyuan
101,Dasya,Flipek,dflipek2s@cbsnews.com,Female,08-09-1983,false,Lapuz
102,Bern,Jarmain,bjarmain2t@ibm.com,Male,04-06-2001,false,Hetou
103,Dell,Akam,dakam2u@phoca.cz,Agender,15-04-2011,true,Ruma
104,Sherman,Beaten,sbeaten2v@tiny.cc,Male,28-05-2011,true,Yunhe
105,Gene,Hallaways,ghallaways2w@eventbrite.com,Male,09-06-2004,true,Khomutovo
106,Cordy,Hugenin,chugenin2x@house.gov,Genderqueer,17-10-2020,true,Przyborów
107,Robert,Gorusso,rgorusso2y@alexa.com,Male,24-11-2013,false,Chazón
108,Mara,Beaze,mbeaze2z@youtube.com,Female,12-01-1990,true,Buenavista
109,Mendie,Willmore,mwillmore30@t-online.de,Male,08-05-1985,false,Dizangué
110,Dukie,Matovic,dmatovic31@mysql.com,Male,13-01-1999,false,Huurch
111,Merrielle,Anstiss,manstiss32@digg.com,Female,20-08-1988,false,Yengiawat
112,Don,Ashplant,dashplant33@51.la,Male,27-11-2023,true,Zalantun
113,Leslie,Cristofvao,lcristofvao34@zdnet.com,Male,30-07-1994,false,Oslo
114,Dael,Zaczek,dzaczek35@imdb.com,Bigender,13-06-2008,true,Canela
115,Feodor,Edmundson,fedmundson36@over-blog.com,Male,02-09-2006,false,Laholm
116,Amitie,Hembry,ahembry37@seesaa.net,Female,22-01-2022,true,Lens
117,Hussein,Gherarducci,hgherarducci38@hubpages.com,Male,08-08-1984,false,Bangangté
118,Valery,Karolowski,vkarolowski39@over-blog.com,Female,20-08-2007,false,Buenavista
119,Levey,Dormand,ldormand3a@posterous.com,Genderqueer,11-05-2013,false,Petani
120,Trueman,Tootal,ttootal3b@free.fr,Male,19-03-1987,true,Teroual
121,Neel,Aspray,naspray3c@intel.com,Male,29-04-2015,false,Luobuqiongzi
122,Vergil,Askam,vaskam3d@miitbeian.gov.cn,Male,11-04-1980,true,Kawit
123,Traci,Wallhead,twallhead3e@cdc.gov,Female,26-08-1981,false,Suba
124,Broderick,Olifaunt,bolifaunt3f@wikipedia.org,Male,30-01-2008,false,Koni-Djodjo
125,Rawley,Rosgen,rrosgen3g@nydailynews.com,Male,03-04-1981,true,Muonio
126,Ariana,Jurca,ajurca3h@cbc.ca,Bigender,27-06-2009,true,Carvalho
127,Gypsy,Harradine,gharradine3i@goodreads.com,Polygender,05-07-2002,true,San José
128,Bogey,Pudan,bpudan3j@paypal.com,Male,11-05-1994,false,El Potrero
129,Kerby,Morstatt,kmorstatt3k@vinaora.com,Male,02-12-2021,false,Mshinskaya
130,Coralyn,Bullingham,cbullingham3l@facebook.com,Female,28-03-1991,true,Renchaoxi
131,Jacqui,Siviour,jsiviour3m@phpbb.com,Female,05-05-2018,true,Castro Barros
132,Tanhya,Morrel,tmorrel3n@php.net,Female,09-04-2021,false,Nepomuceno
133,Dyan,Byram,dbyram3o@answers.com,Female,05-11-1992,false,Warungawi
134,Fremont,Connachan,fconnachan3p@archive.org,Male,30-05-2016,false,Xiaopu
135,Lyndsay,Widdison,lwiddison3q@stumbleupon.com,Female,29-03-1990,false,Jinquan
136,Leon,Rydings,lrydings3r@hhs.gov,Non-binary,31-12-2015,true,Kotabaru
137,Blancha,MacGowan,bmacgowan3s@ovh.net,Female,08-03-2016,true,Owando
138,Bard,Penrith,bpenrith3t@nps.gov,Non-binary,15-06-1992,false,Mashan
139,Trev,Lyles,tlyles3u@pen.io,Male,28-10-1992,true,Podgórzyn
140,Mariam,Peat,mpeat3v@ihg.com,Female,16-11-2000,true,Buffalo
141,Amabel,Challicombe,achallicombe3w@redcross.org,Female,31-12-2013,false,Bayt ‘Awwā
142,Stavro,Gudeman,sgudeman3x@pinterest.com,Bigender,08-07-2000,false,Baytīn
143,Penny,Marcome,pmarcome3y@scientificamerican.com,Male,27-02-2008,false,Tržič
144,Brucie,Boutellier,bboutellier3z@walmart.com,Male,02-06-2004,false,São Roque
145,Zabrina,Abramovic,zabramovic40@stanford.edu,Female,19-11-2004,false,Saint-Félicien
146,Casi,Gjerde,cgjerde41@xinhuanet.com,Female,26-05-2022,false,Dachun
147,Leonidas,Hacun,lhacun42@list-manage.com,Male,10-02-1993,true,Las Vegas
148,Klarrisa,Coats,kcoats43@theglobeandmail.com,Female,04-11-2022,false,Velyka Mykhaylivka
149,Keefe,Whinney,kwhinney44@bloglovin.com,Male,17-05-2004,true,Matiompong
150,Oralla,Jersh,ojersh45@cam.ac.uk,Female,28-11-2021,true,El Caño
151,Dorie,Habbal,dhabbal46@eventbrite.com,Male,06-11-2004,true,La Jagua de Ibirico
152,Roderic,Clayson,rclayson47@icq.com,Male,19-11-1989,true,Antwerpen
153,Virgie,Cumbes,vcumbes48@answers.com,Male,02-10-1999,true,Martyush
154,Elissa,Orta,eorta49@weibo.com,Female,01-11-2019,true,Dębno
155,Jule,Fifoot,jfifoot4a@moonfruit.com,Male,14-06-2012,true,Huping
156,Skip,Dusting,sdusting4b@vinaora.com,Male,04-03-1996,true,Colcabamba
157,Etan,Molian,emolian4c@ycombinator.com,Male,19-03-2001,false,Vale
158,Chloe,Jennaway,cjennaway4d@imdb.com,Female,17-08-2004,false,Mayo Belwa
159,Dannye,O'Lynn,dolynn4e@deviantart.com,Female,01-03-2003,false,Zhendeqiao
160,Joshuah,Antonomoli,jantonomoli4f@clickbank.net,Male,25-12-2006,true,Nāḩiyat Baḩār
161,Shaylyn,Pryor,spryor4g@cdbaby.com,Female,22-07-2022,false,Caiyuan
162,Federico,Janeczek,fjaneczek4h@sitemeter.com,Polygender,27-01-1988,true,Kotabaru
163,Raeann,Critten,rcritten4i@mapquest.com,Non-binary,29-12-1998,true,Novovorontsovka
164,Alexio,Pechell,apechell4j@shinystat.com,Male,25-06-1999,false,Mafang
165,Thatch,Wellan,twellan4k@ftc.gov,Male,23-04-1992,false,Viškovci
166,Jose,Wiggam,jwiggam4l@discuz.net,Male,05-06-1988,true,Mqabba
167,Jerry,Monshall,jmonshall4m@w3.org,Male,12-01-2005,true,Galván
168,Riva,Challener,rchallener4n@arstechnica.com,Female,03-04-2007,true,Sacramento
169,Kiel,Aitkin,kaitkin4o@time.com,Male,09-08-1984,false,Niagara Falls
170,Phip,Basillon,pbasillon4p@netscape.com,Male,21-04-1999,true,Sandakan
171,George,Booi,gbooi4q@umich.edu,Male,13-11-2013,false,Kluki
172,Rutger,Lodemann,rlodemann4r@ebay.co.uk,Male,09-08-2014,false,Baliuag
173,Nonna,Geldard,ngeldard4s@cdc.gov,Female,27-08-2002,true,Paranapanema
174,Heda,Rubinowitch,hrubinowitch4t@eventbrite.com,Female,18-11-1990,false,Nombre de Jesús
175,Consalve,Swanson,cswanson4u@soundcloud.com,Male,31-08-2005,false,Emiliano Zapata
176,Carmina,Espadero,cespadero4v@delicious.com,Agender,06-01-2016,false,Khrenovoye
177,Alidia,Laxen,alaxen4w@free.fr,Female,21-04-1987,false,Nowy Dwór Mazowiecki
178,Dosi,Ventom,dventom4x@infoseek.co.jp,Female,03-09-1982,true,Kidodi
179,Pate,Andryushin,pandryushin4y@baidu.com,Male,25-03-2019,false,Yunfeng
180,Luis,Van Leijs,lvanleijs4z@networksolutions.com,Male,30-10-1992,false,Dalumangcob
181,Ernesto,Westley,ewestley50@last.fm,Male,14-10-2013,true,Campamento
182,Dehlia,Caramuscia,dcaramuscia51@creativecommons.org,Female,23-05-2022,true,Haquira
183,Gregoor,Duddy,gduddy52@sogou.com,Male,08-04-1990,false,Ozerne
184,Mordecai,Blouet,mblouet53@yellowpages.com,Male,09-09-1992,false,Gudurica
185,Hyatt,Relf,hrelf54@dyndns.org,Male,08-12-1981,true,Qelëz
186,Jodee,Naden,jnaden55@canalblog.com,Genderqueer,20-04-1988,false,Alagoinhas
187,Bertram,Audenis,baudenis56@shop-pro.jp,Male,27-05-2011,true,Ilinden
188,Millard,Kettle,mkettle57@myspace.com,Male,30-03-2012,true,Buíque
189,Junette,Hargrove,jhargrove58@tuttocitta.it,Female,25-04-2010,true,Soledad
190,Kahaleel,Guiducci,kguiducci59@reverbnation.com,Male,01-08-1997,true,Lapid
191,Benjie,Fontel,bfontel5a@cnbc.com,Male,03-03-2001,true,Shuyuan Zhen
192,Emilie,Connerly,econnerly5b@npr.org,Female,14-03-1996,true,Yangsha
193,Jarrett,McOrkill,jmcorkill5c@uol.com.br,Non-binary,10-06-1994,true,Nālchiti
194,Blayne,Clementucci,bclementucci5d@whitehouse.gov,Male,11-08-2006,false,Peterhof
195,Tucker,Cess,tcess5e@mit.edu,Male,20-11-2003,true,Danghara
196,Oby,MacKenney,omackenney5f@ifeng.com,Agender,16-12-1998,false,Salfīt
197,Herrick,Jonuzi,hjonuzi5g@addtoany.com,Male,03-01-2008,false,Rusocice
198,Markos,Glaister,mglaister5h@webeden.co.uk,Bigender,04-07-2012,true,Kut Chap
199,Nettle,Rabbage,nrabbage5i@usa.gov,Agender,17-01-2005,true,Atambua
200,Cozmo,Samwell,csamwell5j@nature.com,Male,06-08-1983,false,Şafāshahr
201,Elliot,Andrzejowski,eandrzejowski5k@statcounter.com,Male,03-01-2001,false,Nakanojōmachi
202,Xymenes,Yanov,xyanov5l@newsvine.com,Male,04-05-2016,true,Chicago
203,Thedrick,Trigg,ttrigg5m@ihg.com,Male,22-09-2012,false,Hongtu
204,Cassie,Belfelt,cbelfelt5n@zdnet.com,Female,30-01-1988,true,Waepana
205,Ron,Sellan,rsellan5o@ox.ac.uk,Male,21-02-1991,false,Oslo
206,Ailyn,Toppin,atoppin5p@jalbum.net,Agender,05-09-2017,false,Kolwezi
207,Queenie,Chilles,qchilles5q@senate.gov,Non-binary,01-09-1987,true,Carolina
208,Glen,Exon,gexon5r@stumbleupon.com,Female,18-08-2001,false,Paraćin
209,Giorgio,Poynor,gpoynor5s@comsenz.com,Bigender,25-05-1980,false,Shengmi
210,Hilliard,Tilte,htilte5t@typepad.com,Male,31-12-1981,false,Jiangkou
211,Den,Nansom,dnansom5u@boston.com,Male,08-01-2024,true,Kalandagan
212,Etty,Portwaine,eportwaine5v@paginegialle.it,Genderfluid,14-07-1995,true,Fuming
213,Durant,Basilio,dbasilio5w@free.fr,Male,30-12-1980,false,Milano
214,Brandon,Fairholm,bfairholm5x@i2i.jp,Male,21-05-1991,true,Ak’ordat
215,Obadiah,Brabbins,obrabbins5y@vkontakte.ru,Male,13-02-2024,false,Leyuan
216,Skye,Gemnett,sgemnett5z@clickbank.net,Genderfluid,19-02-2007,true,Oro Verde
217,Emmit,Lewin,elewin60@gizmodo.com,Male,07-09-1982,true,Rueil-Malmaison
218,Brinn,Ewin,bewin61@ezinearticles.com,Female,16-04-2011,true,Maceda
219,Blaine,Dries,bdries62@bluehost.com,Male,06-03-1989,true,Panambi
220,Temp,Twatt,ttwatt63@yellowbook.com,Male,31-12-1990,false,Sośnicowice
221,Giffer,Terlinden,gterlinden64@twitpic.com,Male,18-02-2011,false,Tuen Mun
222,Jamey,Lowen,jlowen65@alexa.com,Male,19-01-1993,true,Khūgyāṉī
223,Peta,Arstingall,parstingall66@google.co.jp,Female,05-09-1982,false,Puerto Berrío
224,Ofelia,Chatenet,ochatenet67@tmall.com,Female,17-06-2020,true,Charlotte
225,Dolf,Langlands,dlanglands68@ebay.co.uk,Agender,14-01-2009,false,Bantar Tengah
226,Felix,Mateuszczyk,fmateuszczyk69@irs.gov,Bigender,31-03-2006,true,Douba
227,Arlena,Bonehill,abonehill6a@hibu.com,Bigender,01-08-2013,false,Shypyntsi
228,Estevan,Gauche,egauche6b@live.com,Bigender,11-01-2019,true,Banquero
229,Lynnette,Deares,ldeares6c@thetimes.co.uk,Female,22-06-2010,false,Vailoatai
230,Tedd,Aimable,taimable6d@ovh.net,Male,12-07-2023,false,Lima
231,Timoteo,Langlands,tlanglands6e@photobucket.com,Male,06-01-2002,false,Casa Branca
232,Royal,Dytham,rdytham6f@godaddy.com,Male,03-02-2007,false,Algoz
233,Raimundo,Gladden,rgladden6g@feedburner.com,Male,28-04-2020,false,Hujia
234,Alvis,Piddick,apiddick6h@odnoklassniki.ru,Male,25-09-1989,true,Chenzhou
235,Zuzana,Mallows,zmallows6i@ezinearticles.com,Female,23-12-2008,false,Jiaqiao
236,Dilly,Feria,dferia6j@barnesandnoble.com,Male,11-04-1980,true,Chengbei
237,Giulia,Wardhaw,gwardhaw6k@slideshare.net,Female,30-08-2023,false,Wan’an
238,Parker,Gauld,pgauld6l@sohu.com,Male,22-09-2006,true,Xiangrong
239,Hermione,Castelijn,hcastelijn6m@merriam-webster.com,Female,20-06-1995,true,Vertientes
240,Karalee,Jizhaki,kjizhaki6n@networkadvertising.org,Female,07-10-1989,false,Tacheng
241,Thorpe,Stonner,tstonner6o@last.fm,Male,07-11-2016,false,Las Animas
242,Donnie,Jonuzi,djonuzi6p@reuters.com,Male,04-10-2001,true,Formosa do Rio Preto
243,Oralia,Di Gregorio,odigregorio6q@reference.com,Female,16-04-1993,false,Lýkeio
244,Charla,MacInherney,cmacinherney6r@nba.com,Female,01-09-2010,false,Mýrina
245,Alic,Latham,alatham6s@amazonaws.com,Male,13-01-1999,true,Budzów
246,Daron,Chattoe,dchattoe6t@globo.com,Male,01-06-2010,false,Paldit
247,Stephenie,Jacqueminot,sjacqueminot6u@friendfeed.com,Female,16-06-1993,true,Dongmaku
248,Druci,Sowersby,dsowersby6v@wordpress.org,Female,24-07-1984,true,Taquile
249,Frederick,Found,ffound6w@nasa.gov,Male,18-07-1984,false,Cardona
250,Chandler,Hateley,chateley6x@cbslocal.com,Male,28-03-1981,true,Depapre
251,Rickie,Morrallee,rmorrallee6y@reference.com,Female,27-05-2000,false,Pau
252,Jany,Fantone,jfantone6z@g.co,Female,22-09-1998,true,Tvarožná
253,Peterus,Silverston,psilverston70@sbwire.com,Agender,23-03-2010,true,Wendo
254,Guthrie,Daton,gdaton71@cdbaby.com,Male,22-07-2018,true,Genova
255,Vern,Mark,vmark72@nifty.com,Male,22-11-2019,true,Luocun
256,Hortensia,Ferschke,hferschke73@linkedin.com,Non-binary,03-09-1990,false,Babice
257,Alfreda,Mundell,amundell74@cdbaby.com,Female,17-03-2006,false,Liuliping
258,Kennan,Jellett,kjellett75@histats.com,Genderfluid,11-09-1991,false,Skoura
259,Maitilde,Raithmill,mraithmill76@cnbc.com,Genderqueer,29-03-1980,true,Zhaojia
260,Tommi,Guerrero,tguerrero77@theatlantic.com,Female,18-12-2008,true,Gaptsakh
261,Stephine,Meller,smeller78@flickr.com,Female,27-06-1990,true,Jeberos
262,Lyndy,Simister,lsimister79@dion.ne.jp,Female,27-03-1995,true,Pechenizhyn
263,Erinn,Torre,etorre7a@acquirethisname.com,Female,26-12-1986,false,Dingtou
264,Mercedes,Jeune,mjeune7b@patch.com,Female,19-06-2016,false,Laimuda
265,Francisco,Vasilov,fvasilov7c@fda.gov,Male,27-12-1997,true,Zhushan
266,Garreth,Well,gwell7d@mlb.com,Male,30-06-2003,false,Oemanu
267,Ashlen,Cregeen,acregeen7e@oaic.gov.au,Female,19-06-2001,true,Kyzyl-Kyya
268,Vic,De Moreno,vdemoreno7f@wordpress.com,Male,23-04-1996,false,Panzhuang
269,Tamqrah,Hairyes,thairyes7g@aol.com,Female,07-04-1985,true,Shigou
270,Gram,Creed,gcreed7h@theatlantic.com,Bigender,15-07-2007,false,Huruta
271,Melesa,Tonsley,mtonsley7i@imgur.com,Genderfluid,18-02-1984,true,Hondo Valle
272,Jackquelin,Bransdon,jbransdon7j@github.com,Female,07-07-2006,false,Uddevalla
273,Maridel,Gillard,mgillard7k@joomla.org,Female,02-03-2003,false,Kimitsu
274,Ruthanne,Lemerle,rlemerle7l@joomla.org,Female,28-12-2021,false,Kochevo
275,Edgard,Walesby,ewalesby7m@yandex.ru,Non-binary,14-05-2011,false,Fenjie
276,Gonzalo,McArt,gmcart7n@mediafire.com,Male,27-07-1984,true,Niujiang
277,Brock,Trundle,btrundle7o@flavors.me,Male,19-12-1996,false,Sepīdān
278,Darren,Genike,dgenike7p@ning.com,Genderqueer,14-10-2023,false,Sollefteå
279,Augustin,Ruperto,aruperto7q@marriott.com,Male,24-01-2009,true,Dacun
280,Trudi,Pudden,tpudden7r@photobucket.com,Female,28-01-2015,true,Jepat Kidul
281,Goraud,Lademann,glademann7s@indiegogo.com,Male,13-09-2012,true,Gunziying
282,Lorna,Halgarth,lhalgarth7t@netlog.com,Female,28-05-1989,false,Tournan-en-Brie
283,Hadlee,Le Fevre,hlefevre7u@discovery.com,Male,14-12-2017,true,Boavista
284,Leela,Kunkler,lkunkler7v@forbes.com,Female,22-10-2013,true,El Paso
285,Kermy,Cowlard,kcowlard7w@bloomberg.com,Male,04-02-2000,true,Nanuque
286,Charo,Perton,cperton7x@unesco.org,Female,28-06-1989,true,Kathu
287,Danella,Cornelius,dcornelius7y@nymag.com,Female,14-01-2005,true,Stylída
288,Aloisia,Strutz,astrutz7z@wikimedia.org,Agender,30-05-1981,false,Ezhou
289,Joe,Riccio,jriccio80@hubpages.com,Male,06-10-1982,false,Sindangraja
290,Adriana,MacCook,amaccook81@free.fr,Female,12-04-2007,true,Nový Bor
291,Annalee,Megainey,amegainey82@de.vu,Female,21-03-2011,true,Vũ Thư
292,Asia,Byne,abyne83@4shared.com,Female,04-09-2005,true,Nama
293,Lexis,Yellowley,lyellowley84@51.la,Female,13-02-1992,true,Bojonggaling
294,Filberte,Gavrieli,fgavrieli85@dagondesign.com,Male,08-07-2022,false,Jurangjero
295,Sandor,Antognazzi,santognazzi86@cam.ac.uk,Genderfluid,09-09-2008,false,Kafr ash Shaykh
296,Darrick,Nand,dnand87@free.fr,Male,04-12-2020,true,Eindhoven
297,Kalle,Mackerness,kmackerness88@pinterest.com,Male,19-10-1996,false,Adare
298,Gregoor,Harrowell,gharrowell89@hugedomains.com,Male,23-03-2011,false,Same
299,Vittorio,O'Ferris,voferris8a@flavors.me,Male,13-04-2016,true,Sheshory
300,Legra,Blackie,lblackie8b@mtv.com,Female,05-07-2006,true,Shashūbay
301,Kincaid,Whittek,kwhittek8c@hp.com,Male,23-03-2019,false,Luofang
302,Perkin,Pallesen,ppallesen8d@csmonitor.com,Male,11-03-2001,false,Sattahip
303,Kalie,Padell,kpadell8e@cdbaby.com,Female,25-03-1992,true,Outing
304,Stafani,Melbourn,smelbourn8f@usgs.gov,Female,13-05-1996,false,Pidvolochys’k
305,Gaile,Kerslake,gkerslake8g@irs.gov,Male,25-01-1983,false,Aqtaū
306,Skipp,Kiehnlt,skiehnlt8h@ibm.com,Male,03-09-2022,false,Xiugu
307,Morley,Anderton,manderton8i@google.it,Male,13-11-2001,true,Sufang
308,Linn,Dobrowolny,ldobrowolny8j@tiny.cc,Male,05-07-1988,false,Dobryanka
309,Debera,Stegers,dstegers8k@godaddy.com,Female,09-03-1997,false,Qingkou
310,Brandais,Ormistone,bormistone8l@wordpress.org,Female,26-03-1985,true,Mỏ Cày
311,Kliment,Amer,kamer8m@indiegogo.com,Male,21-10-1996,false,Pedrulheira
312,Cindi,Clardge,cclardge8n@fema.gov,Female,23-02-1990,false,Sājir
313,Amalea,Ballin,aballin8o@51.la,Female,29-04-1993,false,Borås
314,Nikolos,Mc Comb,nmccomb8p@who.int,Male,27-07-1995,true,Raub
315,Josey,Rapelli,jrapelli8q@tiny.cc,Female,09-06-2020,false,Wuyang
316,Amberly,Milliken,amilliken8r@simplemachines.org,Female,13-01-2012,true,Neglasari
317,Giffard,Aizikovitch,gaizikovitch8s@tinypic.com,Male,06-02-2023,false,Yablonovskiy
318,Birch,Geddis,bgeddis8t@drupal.org,Male,05-08-2009,true,Kagawasan
319,Kermy,Hammill,khammill8u@go.com,Male,08-03-2021,true,Kaiaf
320,Silvana,Woller,swoller8v@washington.edu,Female,12-09-1992,false,Sloboda
321,Colin,Lefeaver,clefeaver8w@example.com,Male,04-02-2017,false,Milton
322,Cymbre,McLewd,cmclewd8x@twitter.com,Female,23-06-1987,false,Miami
323,Catherine,Winders,cwinders8y@ezinearticles.com,Female,22-08-2010,true,Sanhe
324,Bancroft,Eshmade,beshmade8z@hhs.gov,Agender,26-08-2008,false,Jiushe
325,Caldwell,Swanson,cswanson90@blogs.com,Male,30-07-1998,false,Hongguang
326,Ruben,Farrent,rfarrent91@adobe.com,Male,05-10-1987,true,Lourdes
327,Kean,Maven,kmaven92@gizmodo.com,Male,15-02-2011,false,Joroinen
328,Erek,Mickan,emickan93@about.com,Male,12-08-1983,true,Il’ka
329,Karolina,Casserley,kcasserley94@salon.com,Female,25-06-2008,true,Quipot
330,Pierson,Grinikhinov,pgrinikhinov95@tumblr.com,Male,29-01-2015,true,Kraków
331,Jim,Rhodes,jrhodes96@ca.gov,Male,27-02-2007,true,Pangkungparuk
332,Whittaker,Martensen,wmartensen97@yolasite.com,Male,15-03-1994,true,Somorpenang
333,D'arcy,Eliaz,deliaz98@ifeng.com,Male,12-06-2004,true,Radziszów
334,Humfrid,Neathway,hneathway99@bbb.org,Male,07-12-1992,true,Miraflores
335,Cordie,Dougan,cdougan9a@wp.com,Female,10-08-2009,false,Loznitsa
336,Karon,Broome,kbroome9b@intel.com,Female,10-12-2017,true,Beitai
337,Malcolm,Reaney,mreaney9c@altervista.org,Male,05-09-2010,true,Repnoye
338,Dulci,Satteford,dsatteford9d@craigslist.org,Female,27-09-1981,true,Hekinan
339,Horatius,Salvati,hsalvati9e@home.pl,Male,21-12-1996,true,Sapol
340,Batholomew,Theseira,btheseira9f@tmall.com,Male,07-04-2018,false,Leskolovo
341,Chelsae,Deeley,cdeeley9g@auda.org.au,Female,02-06-1990,false,Ikhtiman
342,Timothee,Janny,tjanny9h@blinklist.com,Male,29-09-2012,true,Brinje
343,Ursola,Bees,ubees9i@barnesandnoble.com,Genderfluid,24-10-2007,true,Babica
344,Burnaby,Leven,bleven9j@mapquest.com,Male,03-11-1983,true,Safotu
345,Windy,Toohey,wtoohey9k@army.mil,Female,31-12-2019,false,Al Ḩashwah
346,Melvyn,O'Donoghue,modonoghue9l@oakley.com,Male,16-08-2008,true,Illushi
347,Merrilee,Wayvill,mwayvill9m@apple.com,Female,28-06-2000,true,Rasskazovo
348,Junie,Berthouloume,jberthouloume9n@economist.com,Female,03-10-1996,true,Domaradz
349,Garnet,Southon,gsouthon9o@aol.com,Bigender,11-02-1999,true,Cengang
350,Laurella,Eynon,leynon9p@sciencedirect.com,Female,15-01-1983,false,Dok Kham Tai
351,Giustino,Trustram,gtrustram9q@blinklist.com,Male,24-11-2006,true,El Regalo
352,Virgina,Chalkly,vchalkly9r@cnn.com,Female,28-04-1995,true,Prata
353,Carey,Marioneau,cmarioneau9s@hugedomains.com,Female,05-06-1994,true,General Pico
354,Kristoffer,Iacovelli,kiacovelli9t@latimes.com,Male,04-06-2015,false,El Hermel
355,Tallie,MacVicar,tmacvicar9u@webeden.co.uk,Male,21-01-1991,true,Hope
356,Hadleigh,Bellis,hbellis9v@nbcnews.com,Male,31-07-2023,false,Kadubera
357,Star,Sumshon,ssumshon9w@tuttocitta.it,Non-binary,03-03-2021,false,Kilju
358,Kitty,Guerri,kguerri9x@ihg.com,Female,25-03-2001,true,Karipidita
359,Corly,Dowbiggin,cdowbiggin9y@amazonaws.com,Polygender,17-04-2016,false,Ciudad Nueva
360,Heinrick,Tabourier,htabourier9z@etsy.com,Male,15-09-2023,false,La Celia
361,Gaven,McComiskie,gmccomiskiea0@ehow.com,Male,05-10-1995,true,Chiriguaná
362,Max,Golton,mgoltona1@businessweek.com,Male,28-05-2012,false,Malhou
363,Ernie,Donoher,edonohera2@zimbio.com,Male,13-03-2022,false,São Borja
364,Genia,Corder,gcordera3@liveinternet.ru,Female,07-03-2005,false,Pavlovka
365,Harland,Bleasdale,hbleasdalea4@geocities.jp,Male,08-04-1981,false,Farkhah
366,Brit,Whines,bwhinesa5@weibo.com,Non-binary,30-08-1987,true,Rodhítsa
367,Rab,Dreng,rdrenga6@list-manage.com,Male,21-10-2016,false,Levallois-Perret
368,Isabeau,Stobbs,istobbsa7@howstuffworks.com,Female,05-04-1980,false,Pontian
369,Rodger,Cordero,rcorderoa8@storify.com,Male,06-10-1996,false,Nāgarpur
370,Bil,Olman,bolmana9@wired.com,Male,13-09-2016,true,Chinchaypujio
371,Winny,Tredinnick,wtredinnickaa@constantcontact.com,Male,29-01-2007,false,Amangarh
372,Pietra,Wallwork,pwallworkab@cbslocal.com,Female,01-08-2020,true,Gradići
373,Aymer,Klein,akleinac@archive.org,Male,17-12-2018,false,Itapé
374,Ody,Simonnin,osimonninad@netlog.com,Male,30-10-1999,true,Rego de Água
375,Vaughan,Wollers,vwollersae@google.pl,Male,07-07-1997,false,Talitsa
376,Galina,Grimsell,ggrimsellaf@i2i.jp,Genderqueer,18-08-1997,false,Udënisht
377,Parry,Berrane,pberraneag@intel.com,Male,04-05-2020,true,Calabaca
378,Christiano,Lagne,clagneah@tiny.cc,Male,25-01-2001,true,Agusan
379,Broderick,Greenstock,bgreenstockai@intel.com,Male,04-08-2023,false,Bailadores
380,Randolph,Bockett,rbockettaj@dell.com,Male,24-04-2016,true,Gózd
381,Wilhelmina,Diche,wdicheak@youku.com,Female,09-11-1997,false,Paranapanema
382,Esteban,Borland,eborlandal@a8.net,Male,13-08-1980,false,Desa Baregbeg
383,Zackariah,Victory,zvictoryam@house.gov,Male,09-09-2019,false,Halteu
384,Deena,McGarry,dmcgarryan@nih.gov,Female,20-06-2000,false,Baruta
385,Idalia,Parnall,iparnallao@nsw.gov.au,Female,12-05-2022,true,Moyynkum
386,Boigie,Mogra,bmograap@taobao.com,Male,03-03-1981,true,Kazaure
387,Glynn,Noel,gnoelaq@ted.com,Male,03-11-1994,true,Zaoshi
388,Hesther,Seeborne,hseebornear@hao123.com,Agender,01-02-2013,true,Gedangan
389,Guillemette,Kermon,gkermonas@about.me,Female,23-04-2006,true,Bohicon
390,Gretchen,Grannell,ggrannellat@cpanel.net,Genderqueer,25-03-2000,false,Figueira
391,Goober,Baversor,gbaversorau@spotify.com,Male,02-07-1980,false,Labuhanlalar
392,Mose,Broxholme,mbroxholmeav@nih.gov,Non-binary,27-07-2016,false,Troitsk
393,Byrom,Marlon,bmarlonaw@ocn.ne.jp,Male,16-08-1981,true,Osieczany
394,Arny,Jankovsky,ajankovskyax@printfriendly.com,Male,07-06-2007,true,Buenavista
395,Beniamino,Sepey,bsepeyay@webs.com,Male,31-07-2012,false,Mannheim
396,Caryn,Hrycek,chrycekaz@moonfruit.com,Female,10-03-1999,true,Calle Blancos
397,Daphna,Popping,dpoppingb0@amazonaws.com,Female,05-07-1996,true,Namur
398,Melosa,Matias,mmatiasb1@example.com,Female,11-08-2012,true,Dasuhe
399,Rip,Jillard,rjillardb2@ucoz.com,Genderqueer,21-11-2018,true,Columbus
400,Patric,Roebuck,proebuckb3@jalbum.net,Male,16-07-1997,false,Yingta
401,Ari,Edgerley,aedgerleyb4@livejournal.com,Male,11-02-2003,false,Tengah
402,Josefa,Fortesquieu,jfortesquieub5@wsj.com,Bigender,17-01-2021,false,Karanlukh
403,Jan,Todari,jtodarib6@deviantart.com,Male,29-11-2010,false,Bánica
404,Martin,Hamstead,mhamsteadb7@wufoo.com,Male,13-02-2005,true,Biscucuy
405,Elisha,Harback,eharbackb8@shareasale.com,Female,03-02-1992,false,Kostrzyn nad Odrą
406,Hamel,Ellit,hellitb9@jimdo.com,Male,19-02-2024,false,Sérifos
407,Alford,Juanico,ajuanicoba@com.com,Genderqueer,17-09-2022,false,Rostov
408,Adrian,Vincent,avincentbb@google.co.jp,Male,03-08-2023,true,Turan
409,Giff,Gent,ggentbc@wix.com,Male,10-06-2013,true,Quba
410,Buddy,Laughlan,blaughlanbd@cargocollective.com,Male,05-05-2000,false,Bojonggaling
411,Chrystel,Lamyman,clamymanbe@chron.com,Female,17-01-2013,true,Altares
412,Zondra,Adderson,zaddersonbf@ibm.com,Female,14-09-1985,false,Gadingrejo
413,Aubrey,Roglieri,aroglieribg@surveymonkey.com,Female,12-06-1996,false,Riangbao
414,Zoe,McDaid,zmcdaidbh@wordpress.com,Polygender,23-02-1987,false,Hŭngju-dong
415,Mehetabel,Bloxsom,mbloxsombi@histats.com,Female,02-11-1993,true,Zhongxiang
416,Farah,Gherardini,fgherardinibj@lulu.com,Female,04-07-2005,false,Szczerców
417,Chico,Sugge,csuggebk@dropbox.com,Male,21-09-2019,false,Pingtan
418,Gabriel,Tulk,gtulkbl@dion.ne.jp,Male,21-01-2009,true,San Pablo
419,Ashlin,Slide,aslidebm@home.pl,Male,29-07-2005,true,Samannūd
420,Nevile,Jehaes,njehaesbn@msn.com,Male,16-08-2004,false,Carpiquet
421,Aksel,Patley,apatleybo@youku.com,Male,10-11-2012,false,Inglewood
422,Winnie,Cristobal,wcristobalbp@mediafire.com,Polygender,30-10-1981,true,Kotabaru
423,Minna,Alyoshin,malyoshinbq@slate.com,Female,23-08-2018,true,Želešice
424,Fran,Letessier,fletessierbr@statcounter.com,Genderfluid,12-10-1992,true,Xanxerê
425,Ernst,Gay,egaybs@gov.uk,Polygender,03-12-1997,true,Maradi
426,Pancho,Drummond,pdrummondbt@springer.com,Male,13-10-1985,false,Dinggou
427,Korrie,Biaggioli,kbiaggiolibu@elegantthemes.com,Female,07-11-1981,false,Purorejo
428,Reynold,Harriman,rharrimanbv@google.nl,Male,17-10-1994,false,Siekierczyn
429,Iormina,Cullotey,iculloteybw@wiley.com,Female,19-06-1992,true,Dajie
430,Birgitta,Vasiltsov,bvasiltsovbx@wordpress.org,Female,03-03-2010,false,Chongkan
431,Ann,Phipp,aphippby@i2i.jp,Female,23-01-1987,false,Nový Bydžov
432,Abra,Arpur,aarpurbz@usatoday.com,Genderfluid,01-08-1999,true,Carrasqueira
433,Mina,Klimt,mklimtc0@statcounter.com,Female,01-04-1989,false,Ngchesar Hamlet
434,Rogers,Allpress,rallpressc1@tuttocitta.it,Male,14-11-2002,false,Saginaw
435,Theodoric,Oldfield-Cherry,toldfieldcherryc2@ihg.com,Male,17-09-1995,true,Kokubunji
436,Haleigh,Winsom,hwinsomc3@reddit.com,Male,14-05-2010,true,Fréjus
437,Irwinn,Gonin,igoninc4@homestead.com,Male,19-03-1989,false,Guadalupe Victoria
438,Bernardo,Stych,bstychc5@smh.com.au,Male,16-04-1995,false,Ketanggi
439,Emelia,Dran,edranc6@youtu.be,Female,23-05-2009,false,Selorejo
440,Constancia,Hansie,chansiec7@chron.com,Female,19-04-2010,true,Kacha
441,Aviva,Scuffham,ascuffhamc8@ovh.net,Female,15-09-2012,true,Lagoa
442,Shurwood,Varndall,svarndallc9@bravesites.com,Male,08-03-2019,false,Tangzi
443,Derrik,Dugood,ddugoodca@oakley.com,Male,14-10-2009,false,Chilecito
444,Marline,Churchill,mchurchillcb@amazonaws.com,Female,05-03-1981,true,Charlotte
445,Greta,McTurlough,gmcturloughcc@disqus.com,Polygender,11-07-1985,true,Chroustovice
446,Barrie,Obeney,bobeneycd@yandex.ru,Male,21-11-1997,false,Silodakon
447,Lee,Battell,lbattellce@berkeley.edu,Agender,15-11-2020,false,Serravalle
448,Desmond,Maciunas,dmaciunascf@elpais.com,Genderfluid,02-05-2020,true,Orneta
449,Kaiser,Eckly,kecklycg@bbc.co.uk,Male,20-03-2005,false,Pulap
450,Jarvis,Tutin,jtutinch@about.me,Agender,13-08-2008,true,Dzoraghbyur
451,Ashbey,Rodnight,arodnightci@twitter.com,Male,24-02-2002,true,Gumdag
452,Winifred,Lipsett,wlipsettcj@mozilla.com,Female,08-07-1983,true,Lyubokhna
453,Xylina,Glasspoole,xglasspooleck@nyu.edu,Female,20-11-2023,false,Leninsk
454,Isidora,de Courcey,idecourceycl@yellowbook.com,Female,06-06-1980,false,Lipu
455,Trace,Wardesworth,twardesworthcm@army.mil,Male,08-03-2011,false,Nevel’sk
456,Shanie,Lines,slinescn@go.com,Female,21-03-1996,true,Henglu
457,Barnebas,Kelshaw,bkelshawco@huffingtonpost.com,Male,14-02-2020,true,Inashiki
458,Goldy,Fullagar,gfullagarcp@nationalgeographic.com,Bigender,06-12-1985,false,Jiazi
459,Inga,Bosma,ibosmacq@networksolutions.com,Female,28-12-2014,true,Charleston
460,Jacky,Hanning,jhanningcr@mashable.com,Genderfluid,06-02-2022,true,Sampaloc
461,Joli,Castagneri,jcastagnerics@gravatar.com,Female,03-02-2023,true,Bratslav
462,Zara,Whitlam,zwhitlamct@utexas.edu,Female,04-09-1984,true,Sanjiao
463,Boyce,Minchenton,bminchentoncu@storify.com,Male,06-09-2011,false,Vicente Guerrero
464,Ron,Yurkevich,ryurkevichcv@vkontakte.ru,Male,09-03-2021,false,Yuxarı Aran
465,Jessamine,Shubotham,jshubothamcw@nbcnews.com,Female,17-08-1999,true,Onsŏng
466,Theressa,Tanswill,ttanswillcx@amazon.co.jp,Female,07-04-2005,true,Maple Creek
467,Jerome,Hallad,jhalladcy@vinaora.com,Male,09-10-1996,true,Berezayka
468,Parke,Deery,pdeerycz@tinypic.com,Male,09-03-2021,true,Montenegro
469,Riordan,Carah,rcarahd0@stumbleupon.com,Male,14-05-2022,true,Stenungsund
470,Tonie,Buffin,tbuffind1@berkeley.edu,Female,30-06-2022,true,Salamá
471,Wilt,Courcey,wcourceyd2@myspace.com,Male,28-10-1981,false,Lebak
472,Annaliese,Trengrouse,atrengroused3@creativecommons.org,Female,30-08-2008,true,Tanggung
473,Cami,Clyde,cclyded4@ocn.ne.jp,Female,07-06-2010,true,Semiluki
474,Bettye,Flobert,bflobertd5@mapy.cz,Female,29-11-1993,true,Pomar
475,Wallace,Malt,wmaltd6@freewebs.com,Male,11-06-2017,false,Port Saint John’s
476,Lanni,Eeles,leelesd7@twitter.com,Female,21-10-2014,false,Calçada
477,Opaline,Amott,oamottd8@jugem.jp,Agender,04-05-2022,false,Buenavista
478,Jennee,Mushart,jmushartd9@istockphoto.com,Female,30-10-1987,true,Walakeri
479,Kenneth,Cleverly,kcleverlyda@scribd.com,Male,24-11-2010,false,Airmolek
480,Ursa,Ganders,ugandersdb@latimes.com,Female,19-07-2023,false,Futuroscope
481,Oliviero,Arsey,oarseydc@wsj.com,Male,11-08-2016,false,Jinggan
482,Gothart,Atcherley,gatcherleydd@tumblr.com,Male,08-02-1997,false,Binzhou
483,Kaela,Pyvis,kpyvisde@smh.com.au,Female,15-06-2020,true,Chengshan
484,Cherilyn,Isham,cishamdf@china.com.cn,Female,21-06-2009,false,Cesson-Sévigné
485,Larisa,Hugonet,lhugonetdg@adobe.com,Female,24-02-1992,false,Lage
486,Harv,Fenech,hfenechdh@deliciousdays.com,Male,06-12-1982,true,Lushan
487,Ophelia,Santen,osantendi@hud.gov,Female,02-05-2004,true,Ambulong
488,Fanny,Colum,fcolumdj@fastcompany.com,Female,15-09-1980,false,Linxi
489,Olympie,Baddeley,obaddeleydk@paginegialle.it,Female,06-12-2019,true,Pedra
490,Gillian,Rustan,grustandl@wordpress.org,Female,25-02-1989,true,Chía
491,Zitella,Ronchka,zronchkadm@infoseek.co.jp,Female,03-05-2000,false,Luangwa
492,Nero,Haxby,nhaxbydn@digg.com,Male,08-08-1994,false,Zhangyang
493,Kaitlynn,Sallery,ksallerydo@bbc.co.uk,Female,24-04-1998,false,Mateus Leme
494,Demetria,Filkov,dfilkovdp@cnn.com,Polygender,02-12-2016,true,Haradzishcha
495,Cheri,Vedyasov,cvedyasovdq@latimes.com,Female,06-12-2001,true,Jasionów
496,Nevil,Gabbetis,ngabbetisdr@symantec.com,Male,03-08-2002,true,Kanggye-si
497,Kip,Sharples,ksharplesds@mapy.cz,Male,02-03-1989,true,Heshui
498,Doug,Andriuzzi,dandriuzzidt@vinaora.com,Male,08-08-1982,true,Dahe
499,Guthrey,Seebright,gseebrightdu@stanford.edu,Male,21-01-1999,true,Hekou
500,Abram,Shropsheir,ashropsheirdv@ted.com,Male,19-03-2021,true,Cinunjang
